<?xml version="1.0" encoding="UTF-8"?>
<configuration>
  <contextName>${HOSTNAME}</contextName>

  <appender name="stdout" class="ch.qos.logback.core.ConsoleAppender">
    <encoder>
      <pattern>%date{ISO8601} %highlight(%-5level) [%thread] %file:%line - %msg%n</pattern>
    </encoder>
  </appender>

  <appender name="logFile" class="ch.qos.logback.core.rolling.RollingFileAppender">
    <file>log</file>
    <rollingPolicy class="ch.qos.logback.core.rolling.TimeBasedRollingPolicy">
      <fileNamePattern>%d{yyyyMMdd}.log.gz</fileNamePattern>
      <maxHistory>30</maxHistory>
    </rollingPolicy>
    <encoder>
      <pattern>%date{ISO8601} %-5level [%thread] %file:%line - %msg%n</pattern>
      <immediateFlush>true</immediateFlush>
    </encoder>
  </appender>

  <appender name="errorFile" class="ch.qos.logback.core.rolling.RollingFileAppender">
    <file>error</file>
    <rollingPolicy class="ch.qos.logback.core.rolling.SizeAndTimeBasedRollingPolicy">
      <fileNamePattern>error-%d{yyyyMMdd}.%i.log.gz</fileNamePattern>
      <maxHistory>300</maxHistory>
      <maxFileSize>100MB</maxFileSize>
    </rollingPolicy>
    <filter class="ch.qos.logback.classic.filter.ThresholdFilter">
      <level>error</level>
    </filter>
    <encoder>
      <pattern>%date{ISO8601} %-5level [%contextName:%thread] %file:%line - %msg%n</pattern>
      <immediateFlush>true</immediateFlush>
    </encoder>
  </appender>

  <root level="info">
    <appender-ref ref="stdout"/>
    <appender-ref ref="logFile"/>
  </root>

  <logger name="com.xiaomi.aivoice.client" level="debug">
    <appender-ref ref="errorFile"/>
  </logger>
  <logger name="org.apache" level="warn"/>
</configuration>
